ZIP Code,Town,State Abbreviation,State,Metro,Primary County,Total population,Median Household Income,Male,Female,Sex ratio (males per 100 females),Under 5 years,5 to 9 years,10 to 14 years,15 to 19 years,20 to 24 years,25 to 34 years,35 to 44 years,45 to 54 years,55 to 59 years,60 to 64 years,65 to 74 years,75 to 84 years,85 years and over,Median age (years),Under 18 years,16 years and over,18 years and over,21 years and over,62 years and over,65 years and over,18 years and over,18 years and over - Male,18 years and over - Female,18 years and over - Sex ratio (males per 100 females),65 years and over,65 years and over - Male,65 years and over - Female,65 years and over - Sex ratio (males per 100 females),One race,Two or More Races,One race - White,One race - Black or African American,One race - American Indian and Alaska Native,One race - American Indian and Alaska Native - Aztec,One race - American Indian and Alaska Native - Blackfeet Tribe of the Blackfeet Indian Reservation of Montana,One race - American Indian and Alaska Native - Maya,One race - American Indian and Alaska Native - Native Village of Barrow Inupiat Traditional Government,One race - American Indian and Alaska Native - Navajo Nation,One race - American Indian and Alaska Native - Nome Eskimo Community,One race - American Indian and Alaska Native - Other American Indian and Alaska Native,One race - Asian,One race - Asian - Asian Indian,One race - Asian - Chinese,One race - Asian - Filipino,One race - Asian - Japanese,One race - Asian - Korean,One race - Asian - Vietnamese,One race - Asian - Other Asian,One race - Native Hawaiian and Other Pacific Islander,One race - Native Hawaiian and Other Pacific Islander - Chamorro,One race - Native Hawaiian and Other Pacific Islander - Native Hawaiian,One race - Native Hawaiian and Other Pacific Islander - Samoan,One race - Native Hawaiian and Other Pacific Islander - Other Native Hawaiian and Other Pacific Islander,Hispanic or Latino (of any race),Hispanic or Latino (of any race) - Mexican,Hispanic or Latino (of any race) - Puerto Rican,Hispanic or Latino (of any race) - Cuban,Hispanic or Latino (of any race) - Other Hispanic or Latino,One race - Some Other Race,Two or More Races,Two or More Races - White and Black or African American,Two or More Races - White and American Indian and Alaska Native,Two or More Races - White and Asian,Two or More Races - White and Some Other Race,Two or More Races - Black or African American and American Indian and Alaska Native,Two or More Races - Black or African American and Some Other Race,Race alone or in combination with one or more other races - Total population - White,Race alone or in combination with one or more other races - Total population - Black or African American,Race alone or in combination with one or more other races - Total population - American Indian and Alaska Native,Race alone or in combination with one or more other races - Total population - Asian,Race alone or in combination with one or more other races - Total population - Native Hawaiian and Other Pacific Islander,Race alone or in combination with one or more other races - Total population - Some Other Race,Not Hispanic or Latino,Not Hispanic or Latino - White alone,Not Hispanic or Latino - Black or African American alone,Not Hispanic or Latino - American Indian and Alaska Native alone,Not Hispanic or Latino - Asian alone,Not Hispanic or Latino - Native Hawaiian and Other Pacific Islander alone,Not Hispanic or Latino - Some Other Race alone,Not Hispanic or Latino - Two or More Races,"Citizen, 18 and over population","Citizen, 18 and over population - Male","Citizen, 18 and over population - Female",Male percent total population,Female percent total population,Under 5 years percent total population,5 to 9 years percent total population,10 to 14 years percent total population,15 to 19 years percent total population,20 to 24 years percent total population,25 to 34 years percent total population,35 to 44 years percent total population,45 to 54 years percent total population,55 to 59 years percent total population,60 to 64 years percent total population,65 to 74 years percent total population,75 to 84 years percent total population,85 years and over percent total population,Under 18 years percent total population,16 years and over percent total population,18 years and over percent total population,21 years and over percent total population,62 years and over percent total population,65 years and over percent total population,18 years and over - Male percent,18 years and over - Female percent,65 years and over - Male percent,65 years and over - Female percent,One race percent total population,Two or More Races percent total population,One race - White percent total population,One race - Black or African American percent total population,One race - American Indian and Alaska Native percent total population,One race - American Indian and Alaska Native - Aztec percent total population,One race - American Indian and Alaska Native - Blackfeet Tribe of the Blackfeet Indian Reservation of Montana percent total population,One race - American Indian and Alaska Native - Maya percent total population,One race - American Indian and Alaska Native - Native Village of Barrow Inupiat Traditional Government percent total population,One race - American Indian and Alaska Native - Navajo Nation percent total population,One race - American Indian and Alaska Native - Nome Eskimo Community percent total population,One race - American Indian and Alaska Native - Other American Indian and Alaska Native percent total population,One race - Asian percent total population,One race - Asian - Asian Indian percent total population,One race - Asian - Chinese percent total population,One race - Asian - Filipino percent total population,One race - Asian - Japanese percent total population,One race - Asian - Korean percent total population,One race - Asian - Vietnamese percent total population,One race - Asian - Other Asian percent total population,One race - Native Hawaiian and Other Pacific Islander percent total population,One race - Native Hawaiian and Other Pacific Islander - Chamorro percent total population,One race - Native Hawaiian and Other Pacific Islander - Native Hawaiian percent total population,One race - Native Hawaiian and Other Pacific Islander - Samoan percent total population,One race - Native Hawaiian and Other Pacific Islander - Other Native Hawaiian and Other Pacific Islander percent total population,Hispanic or Latino (of any race),Hispanic or Latino (of any race) - Mexican,Hispanic or Latino (of any race) - Puerto Rican,Hispanic or Latino (of any race) - Cuban,Hispanic or Latino (of any race) - Other Hispanic or Latino,One race - Some Other Race percent total population,Two or More Races,Two or More Races - White and Black or African American,Two or More Races - White and American Indian and Alaska Native,Two or More Races - White and Asian,Two or More Races - White and Some Other Race,Two or More Races - Black or African American and American Indian and Alaska Native,Two or More Races - Black or African American and Some Other Race,Race alone or in combination with one or more other races - Total population - White,Race alone or in combination with one or more other races - Total population - Black or African American,Race alone or in combination with one or more other races - Total population - American Indian and Alaska Native,Race alone or in combination with one or more other races - Total population - Asian,Race alone or in combination with one or more other races - Total population - Native Hawaiian and Other Pacific Islander,Race alone or in combination with one or more other races - Total population - Some Other Race,Not Hispanic or Latino,Not Hispanic or Latino - White alone,Not Hispanic or Latino - Black or African American alone,Not Hispanic or Latino - American Indian and Alaska Native alone,Not Hispanic or Latino - Asian alone,Not Hispanic or Latino - Native Hawaiian and Other Pacific Islander alone,Not Hispanic or Latino - Some Other Race alone,Not Hispanic or Latino - Two or More Races,"Citizen, 18 and over population - Male","Citizen, 18 and over population - Female",Total housing units
40023,Fisherville,KY,Kentucky,"Louisville/Jefferson County, KY-IN",Jefferson County,"6,484","$135,863","3,395","3,089",109.9,487,302,555,507,61,849,731,"1,045",436,480,948,77,6,43.4,"1,631","5,022","4,853","4,633","1,318","1,031","4,853","2,370","2,483",95.4,"1,031",708,323,219.2,"6,328",156,"5,545",459,2,0,0,0,0,0,0,2,198,55,44,7,0,86,0,6,0,0,0,0,0,289,0,96,97,96,124,156,12,26,23,64,0,31,"5,670",502,28,221,0,219,"6,195","5,455",459,2,198,0,20,61,"4,792","2,358","2,434",52.4,47.6,7.5,4.7,8.6,7.8,0.9,13.1,11.3,16.1,6.7,7.4,14.6,1.2,0.1,25.2,77.5,74.8,71.5,20.3,15.9,48.8,51.2,68.7,31.3,97.6,2.4,85.5,7.1,0,0,0,0,0,0,0,0,3.1,0.8,0.7,0.1,0,1.3,0,0.1,0,0,0,0,0,4.5,0,1.5,1.5,1.5,1.9,2.4,0.2,0.4,0.4,1,0,0.5,87.4,7.7,0.4,3.4,0,3.4,95.5,84.1,7.1,0,3.1,0,0.3,0.9,49.2,50.8,"2,377"
40025,Glenview,KY,Kentucky,"Louisville/Jefferson County, KY-IN",Jefferson County,652,,327,325,100.6,19,80,64,16,8,9,83,96,93,54,88,29,13,48,178,479,474,471,165,130,474,266,208,127.9,130,68,62,109.7,522,130,498,0,0,0,0,0,0,0,0,0,24,12,6,6,0,0,0,0,0,0,0,0,0,107,99,0,7,1,0,130,2,1,14,108,0,0,628,7,1,43,0,108,545,493,0,0,24,0,0,28,472,264,208,50.2,49.8,2.9,12.3,9.8,2.5,1.2,1.4,12.7,14.7,14.3,8.3,13.5,4.4,2,27.3,73.5,72.7,72.2,25.3,19.9,56.1,43.9,52.3,47.7,80.1,19.9,76.4,0,0,0,0,0,0,0,0,0,3.7,1.8,0.9,0.9,0,0,0,0,0,0,0,0,0,16.4,15.2,0,1.1,0.2,0,19.9,0.3,0.2,2.1,16.6,0,0,96.3,1.1,0.2,6.6,0,16.6,83.6,75.6,0,0,3.7,0,0,4.3,55.9,44.1,259
40041,Masonic Home,KY,Kentucky,"Louisville/Jefferson County, KY-IN",Jefferson County,518,,153,365,41.9,0,0,0,0,0,0,0,8,9,3,114,193,191,83.2,0,518,518,518,498,498,518,153,365,41.9,498,136,362,37.6,517,1,473,36,8,0,0,0,0,0,0,8,0,0,0,0,0,0,0,0,0,0,0,0,0,0,0,0,0,0,0,1,1,0,0,0,0,0,474,37,8,0,0,0,518,473,36,8,0,0,0,1,518,153,365,29.5,70.5,0,0,0,0,0,0,0,1.5,1.7,0.6,22,37.3,36.9,0,100,100,100,96.1,96.1,29.5,70.5,27.3,72.7,99.8,0.2,91.3,6.9,1.5,0,0,0,0,0,0,1.5,0,0,0,0,0,0,0,0,0,0,0,0,0,0,0,0,0,0,0,0.2,0.2,0,0,0,0,0,91.5,7.1,1.5,0,0,0,100,91.3,6.9,1.5,0,0,0,0.2,29.5,70.5,291
40059,Prospect,KY,Kentucky,"Louisville/Jefferson County, KY-IN",Jefferson County,"19,899","$165,000","9,878","10,021",98.6,802,"1,080","1,431","1,467",774,"1,070","2,287","3,344","1,467","1,536","2,482","1,822",337,48,"4,422","16,133","15,477","14,996","5,720","4,641","15,477","7,558","7,919",95.4,"4,641","1,946","2,695",72.2,"19,061",838,"17,314",810,25,25,0,0,0,0,0,0,862,268,205,18,47,20,60,244,0,0,0,0,0,479,243,67,23,146,50,838,108,37,228,379,16,0,"18,068","1,004",80,"1,158",0,429,"19,420","17,197",803,0,862,0,10,548,"15,181","7,404","7,777",49.6,50.4,4,5.4,7.2,7.4,3.9,5.4,11.5,16.8,7.4,7.7,12.5,9.2,1.7,22.2,81.1,77.8,75.4,28.7,23.3,48.8,51.2,41.9,58.1,95.8,4.2,87,4.1,0.1,0.1,0,0,0,0,0,0,4.3,1.3,1,0.1,0.2,0.1,0.3,1.2,0,0,0,0,0,2.4,1.2,0.3,0.1,0.7,0.3,4.2,0.5,0.2,1.1,1.9,0.1,0,90.8,5,0.4,5.8,0,2.2,97.6,86.4,4,0,4.3,0,0.1,2.8,48.8,51.2,"8,400"
40118,Fairdale,KY,Kentucky,"Louisville/Jefferson County, KY-IN",Jefferson County,"9,903","$52,257","5,214","4,689",111.2,986,509,159,755,918,"1,083","1,553","1,476",308,533,"1,091",456,76,37.1,"2,148","8,039","7,755","7,315","1,919","1,623","7,755","3,896","3,859",101,"1,623",757,866,87.4,"8,902","1,001","8,165",202,68,0,0,68,0,0,0,0,0,0,0,0,0,0,0,0,0,0,0,0,0,"1,918","1,463",42,308,105,467,"1,001",94,85,0,711,0,67,"9,099",377,164,11,41,"1,248","7,985","7,560",202,0,0,0,2,221,"7,163","3,611","3,552",52.7,47.3,10,5.1,1.6,7.6,9.3,10.9,15.7,14.9,3.1,5.4,11,4.6,0.8,21.7,81.2,78.3,73.9,19.4,16.4,50.2,49.8,46.6,53.4,89.9,10.1,82.4,2,0.7,0,0,0.7,0,0,0,0,0,0,0,0,0,0,0,0,0,0,0,0,0,19.4,14.8,0.4,3.1,1.1,4.7,10.1,0.9,0.9,0,7.2,0,0.7,91.9,3.8,1.7,0.1,0.4,12.6,80.6,76.3,2,0,0,0,0,2.2,50.4,49.6,"4,405"
40202,Louisville,KY,Kentucky,"Louisville/Jefferson County, KY-IN",Jefferson County,"7,109","$29,382","4,369","2,740",159.5,14,44,89,212,571,"2,075","1,064","1,014",505,755,515,245,6,39.9,278,"6,858","6,831","6,675","1,200",766,"6,831","4,260","2,571",165.7,766,686,80,857.5,"6,717",392,"3,532","2,587",27,0,0,0,0,0,0,27,380,118,20,171,21,0,0,50,24,6,0,0,18,384,69,42,133,140,167,392,115,97,0,151,6,0,"3,910","2,723",145,388,32,318,"6,725","3,430","2,560",27,380,6,74,248,"6,395","4,015","2,380",61.5,38.5,0.2,0.6,1.3,3,8,29.2,15,14.3,7.1,10.6,7.2,3.4,0.1,3.9,96.5,96.1,93.9,16.9,10.8,62.4,37.6,89.6,10.4,94.5,5.5,49.7,36.4,0.4,0,0,0,0,0,0,0.4,5.3,1.7,0.3,2.4,0.3,0,0,0.7,0.3,0.1,0,0,0.3,5.4,1,0.6,1.9,2,2.3,5.5,1.6,1.4,0,2.1,0.1,0,55,38.3,2,5.5,0.5,4.5,94.6,48.2,36,0.4,5.3,0.1,1,3.5,62.8,37.2,"4,242"
40203,Louisville,KY,Kentucky,"Louisville/Jefferson County, KY-IN",Jefferson County,"17,540","$31,430","8,458","9,082",93.1,"1,195",719,820,"1,193","1,505","3,386","1,963","2,072","1,138","1,214","1,569",490,276,34.8,"3,226","14,583","14,314","13,261","2,904","2,335","14,314","6,808","7,506",90.7,"2,335",978,"1,357",72.1,"16,794",746,"7,806","8,657",16,0,0,0,0,0,0,16,70,0,0,0,16,0,54,0,1,0,0,0,1,481,254,104,27,96,244,746,149,120,81,73,164,0,"8,323","9,107",362,192,10,451,"17,059","7,721","8,626",9,70,1,14,618,"14,016","6,620","7,396",48.2,51.8,6.8,4.1,4.7,6.8,8.6,19.3,11.2,11.8,6.5,6.9,8.9,2.8,1.6,18.4,83.1,81.6,75.6,16.6,13.3,47.6,52.4,41.9,58.1,95.7,4.3,44.5,49.4,0.1,0,0,0,0,0,0,0.1,0.4,0,0,0,0.1,0,0.3,0,0,0,0,0,0,2.7,1.4,0.6,0.2,0.5,1.4,4.3,0.8,0.7,0.5,0.4,0.9,0,47.5,51.9,2.1,1.1,0.1,2.6,97.3,44,49.2,0.1,0.4,0,0.1,3.5,47.2,52.8,"10,754"
40204,Louisville,KY,Kentucky,"Louisville/Jefferson County, KY-IN",Jefferson County,"14,018","$70,706","7,039","6,979",100.9,375,450,423,424,"1,082","3,383","2,097","1,945",642,981,"1,408",607,201,38.8,"1,490","12,671","12,528","12,331","2,690","2,216","12,528","6,287","6,241",100.7,"2,216",983,"1,233",79.7,"13,276",742,"12,038",848,5,0,0,0,0,0,0,5,343,37,102,22,12,137,21,12,0,0,0,0,0,548,221,44,125,158,42,742,149,65,202,199,0,10,"12,749","1,083",135,558,20,325,"13,470","11,767",843,0,331,0,0,529,"12,382","6,200","6,182",50.2,49.8,2.7,3.2,3,3,7.7,24.1,15,13.9,4.6,7,10,4.3,1.4,10.6,90.4,89.4,88,19.2,15.8,50.2,49.8,44.4,55.6,94.7,5.3,85.9,6,0,0,0,0,0,0,0,0,2.4,0.3,0.7,0.2,0.1,1,0.1,0.1,0,0,0,0,0,3.9,1.6,0.3,0.9,1.1,0.3,5.3,1.1,0.5,1.4,1.4,0,0.1,90.9,7.7,1,4,0.1,2.3,96.1,83.9,6,0,2.4,0,0,3.8,50.1,49.9,"8,759"
40205,Louisville,KY,Kentucky,"Louisville/Jefferson County, KY-IN",Jefferson County,"24,335","$98,990","12,049","12,286",98.1,"1,179","1,388","1,401","1,805","1,415","2,751","3,145","3,197","1,603","1,630","2,913","1,418",490,42.5,"4,887","20,125","19,448","18,125","5,786","4,821","19,448","9,447","10,001",94.5,"4,821","2,129","2,692",79.1,"23,369",966,"22,439",652,4,2,0,0,0,0,0,2,191,69,24,32,13,46,2,5,0,0,0,0,0,535,103,22,66,344,83,966,117,117,161,445,20,5,"23,333",864,184,402,17,547,"23,800","22,297",638,2,191,0,4,668,"19,128","9,319","9,809",49.5,50.5,4.8,5.7,5.8,7.4,5.8,11.3,12.9,13.1,6.6,6.7,12,5.8,2,20.1,82.7,79.9,74.5,23.8,19.8,48.6,51.4,44.2,55.8,96,4,92.2,2.7,0,0,0,0,0,0,0,0,0.8,0.3,0.1,0.1,0.1,0.2,0,0,0,0,0,0,0,2.2,0.4,0.1,0.3,1.4,0.3,4,0.5,0.5,0.7,1.8,0.1,0,95.9,3.6,0.8,1.7,0.1,2.2,97.8,91.6,2.6,0,0.8,0,0,2.7,48.7,51.3,"11,021"
40206,Louisville,KY,Kentucky,"Louisville/Jefferson County, KY-IN",Jefferson County,"20,345","$72,543","10,198","10,147",100.5,923,710,943,743,"1,282","4,256","3,087","2,606","1,085","1,363","2,265",838,244,38.7,"3,040","17,625","17,305","16,880","4,161","3,347","17,305","8,615","8,690",99.1,"3,347","1,676","1,671",100.3,"19,177","1,168","15,985","2,258",103,0,0,0,0,0,0,103,706,160,60,201,11,238,0,36,0,0,0,0,0,870,337,10,98,425,125,"1,168",77,142,169,555,50,22,"17,059","2,460",388,897,7,833,"19,475","15,885","2,258",7,706,0,25,594,"16,669","8,396","8,273",50.1,49.9,4.5,3.5,4.6,3.7,6.3,20.9,15.2,12.8,5.3,6.7,11.1,4.1,1.2,14.9,86.6,85.1,83,20.5,16.5,49.8,50.2,50.1,49.9,94.3,5.7,78.6,11.1,0.5,0,0,0,0,0,0,0.5,3.5,0.8,0.3,1,0.1,1.2,0,0.2,0,0,0,0,0,4.3,1.7,0,0.5,2.1,0.6,5.7,0.4,0.7,0.8,2.7,0.2,0.1,83.8,12.1,1.9,4.4,0,4.1,95.7,78.1,11.1,0,3.5,0,0.1,2.9,50.4,49.6,"11,637"
40207,Louisville,KY,Kentucky,"Louisville/Jefferson County, KY-IN",Jefferson County,"28,633","$98,583","13,687","14,946",91.6,"1,466","1,454","1,499","1,285","1,188","4,417","3,843","3,295","2,108","1,754","3,393","1,920","1,011",42.6,"5,426","23,818","23,207","22,826","7,325","6,324","23,207","10,958","12,249",89.5,"6,324","2,619","3,705",70.7,"27,488","1,145","25,348",924,7,0,0,0,0,0,0,7,862,158,307,94,15,113,26,149,0,0,0,0,0,839,293,198,43,305,347,"1,145",168,48,239,451,45,32,"26,416","1,217",177,"1,174",8,940,"27,794","25,180",921,7,860,0,166,660,"22,611","10,582","12,029",47.8,52.2,5.1,5.1,5.2,4.5,4.1,15.4,13.4,11.5,7.4,6.1,11.8,6.7,3.5,19,83.2,81,79.7,25.6,22.1,47.2,52.8,41.4,58.6,96,4,88.5,3.2,0,0,0,0,0,0,0,0,3,0.6,1.1,0.3,0.1,0.4,0.1,0.5,0,0,0,0,0,2.9,1,0.7,0.2,1.1,1.2,4,0.6,0.2,0.8,1.6,0.2,0.1,92.3,4.3,0.6,4.1,0,3.3,97.1,87.9,3.2,0,3,0,0.6,2.3,46.8,53.2,"14,507"
40208,Louisville,KY,Kentucky,"Louisville/Jefferson County, KY-IN",Jefferson County,"15,287","$37,714","7,662","7,625",100.5,335,807,865,"2,605","4,198","2,221","1,445",772,457,491,749,280,62,22.5,"2,392","13,238","12,895","9,293","1,438","1,091","12,895","6,521","6,374",102.3,"1,091",520,571,91.1,"13,855","1,432","9,663","3,679",59,0,0,8,0,0,0,51,198,21,77,6,6,59,12,17,129,3,0,0,126,885,599,11,17,258,127,"1,432",526,51,99,270,229,0,"10,866","4,691",566,327,129,404,"14,402","9,479","3,359",26,198,129,27,"1,184","12,721","6,437","6,284",50.1,49.9,2.2,5.3,5.7,17,27.5,14.5,9.5,5.1,3,3.2,4.9,1.8,0.4,15.6,86.6,84.4,60.8,9.4,7.1,50.6,49.4,47.7,52.3,90.6,9.4,63.2,24.1,0.4,0,0,0.1,0,0,0,0.3,1.3,0.1,0.5,0,0,0.4,0.1,0.1,0.8,0,0,0,0.8,5.8,3.9,0.1,0.1,1.7,0.8,9.4,3.4,0.3,0.6,1.8,1.5,0,71.1,30.7,3.7,2.1,0.8,2.6,94.2,62,22,0.2,1.3,0.8,0.2,7.7,50.6,49.4,"6,675"
40209,Louisville,KY,Kentucky,"Louisville/Jefferson County, KY-IN",Jefferson County,571,"$52,697",235,336,69.9,0,36,81,15,30,42,184,59,79,27,18,0,0,39,132,439,439,439,18,18,439,174,265,65.7,18,18,0,,377,194,364,13,0,0,0,0,0,0,0,0,0,0,0,0,0,0,0,0,0,0,0,0,0,186,85,0,0,101,0,194,4,0,55,101,0,0,558,51,0,89,0,101,385,279,13,0,0,0,0,93,388,160,228,41.2,58.8,0,6.3,14.2,2.6,5.3,7.4,32.2,10.3,13.8,4.7,3.2,0,0,23.1,76.9,76.9,76.9,3.2,3.2,39.6,60.4,100,0,66,34,63.7,2.3,0,0,0,0,0,0,0,0,0,0,0,0,0,0,0,0,0,0,0,0,0,32.6,14.9,0,0,17.7,0,34,0.7,0,9.6,17.7,0,0,97.7,8.9,0,15.6,0,17.7,67.4,48.9,2.3,0,0,0,0,16.3,41.2,58.8,316
40210,Louisville,KY,Kentucky,"Louisville/Jefferson County, KY-IN",Jefferson County,"14,226","$35,841","6,035","8,191",73.7,838,"1,350","1,210","1,133",856,"1,855","1,631","1,539",857,742,"1,321",702,192,34,"4,109","10,607","10,117","9,465","2,647","2,215","10,117","4,075","6,042",67.4,"2,215",843,"1,372",61.4,"13,509",717,"1,338","12,006",11,0,0,0,0,0,0,11,9,0,0,9,0,0,0,0,5,0,0,0,5,375,33,27,31,284,140,717,171,33,10,14,118,18,"1,762","12,650",366,153,82,172,"13,851","1,114","12,001",11,9,5,17,694,"9,905","4,026","5,879",42.4,57.6,5.9,9.5,8.5,8,6,13,11.5,10.8,6,5.2,9.3,4.9,1.3,28.9,74.6,71.1,66.5,18.6,15.6,40.3,59.7,38.1,61.9,95,5,9.4,84.4,0.1,0,0,0,0,0,0,0.1,0.1,0,0,0.1,0,0,0,0,0,0,0,0,0,2.6,0.2,0.2,0.2,2,1,5,1.2,0.2,0.1,0.1,0.8,0.1,12.4,88.9,2.6,1.1,0.6,1.2,97.4,7.8,84.4,0.1,0.1,0,0.1,4.9,40.6,59.4,"7,137"
40211,Louisville,KY,Kentucky,"Louisville/Jefferson County, KY-IN",Jefferson County,"21,165","$32,598","8,953","12,212",73.3,923,"1,669","2,077","1,645","1,375","2,527","1,850","2,597","1,706","1,852","1,812",680,452,36.9,"5,920","15,953","15,245","14,561","4,318","2,944","15,245","5,773","9,472",60.9,"2,944",999,"1,945",51.4,"20,364",801,982,"19,098",46,0,0,0,0,0,0,46,41,0,0,12,0,29,0,0,0,0,0,0,0,272,52,2,70,148,197,801,332,47,0,32,293,0,"1,478","19,820",471,53,0,229,"20,893",959,"19,048",46,41,0,59,740,"15,187","5,746","9,441",42.3,57.7,4.4,7.9,9.8,7.8,6.5,11.9,8.7,12.3,8.1,8.8,8.6,3.2,2.1,28,75.4,72,68.8,20.4,13.9,37.9,62.1,33.9,66.1,96.2,3.8,4.6,90.2,0.2,0,0,0,0,0,0,0.2,0.2,0,0,0.1,0,0.1,0,0,0,0,0,0,0,1.3,0.2,0,0.3,0.7,0.9,3.8,1.6,0.2,0,0.2,1.4,0,7,93.6,2.2,0.3,0,1.1,98.7,4.5,90,0.2,0.2,0,0.3,3.5,37.8,62.2,"11,450"
40212,Louisville,KY,Kentucky,"Louisville/Jefferson County, KY-IN",Jefferson County,"15,160","$35,389","7,197","7,963",90.4,779,743,"1,404","1,157",943,"1,545","2,033","1,964",875,"1,176","1,669",669,203,38.5,"3,603","11,956","11,557","10,960","3,313","2,541","11,557","5,452","6,105",89.3,"2,541","1,295","1,246",103.9,"14,899",261,"5,675","9,039",4,0,0,0,0,0,0,4,0,0,0,0,0,0,0,0,1,0,1,0,0,173,93,16,11,53,180,261,52,53,0,34,95,0,"5,841","9,213",179,0,1,214,"14,987","5,623","9,027",4,0,1,133,199,"11,507","5,438","6,069",47.5,52.5,5.1,4.9,9.3,7.6,6.2,10.2,13.4,13,5.8,7.8,11,4.4,1.3,23.8,78.9,76.2,72.3,21.9,16.8,47.2,52.8,51,49,98.3,1.7,37.4,59.6,0,0,0,0,0,0,0,0,0,0,0,0,0,0,0,0,0,0,0,0,0,1.1,0.6,0.1,0.1,0.3,1.2,1.7,0.3,0.3,0,0.2,0.6,0,38.5,60.8,1.2,0,0,1.4,98.9,37.1,59.5,0,0,0,0.9,1.3,47.3,52.7,"8,061"
40213,Louisville,KY,Kentucky,"Louisville/Jefferson County, KY-IN",Jefferson County,"15,805","$60,734","8,072","7,733",104.4,884,899,883,907,"1,027","2,195","2,324","2,006",898,"1,420","1,397",656,309,40.1,"3,316","12,843","12,489","12,095","3,212","2,362","12,489","6,171","6,318",97.7,"2,362","1,062","1,300",81.7,"13,841","1,964","9,949","3,218",66,0,0,0,0,0,0,66,43,0,7,6,0,5,0,25,8,0,8,0,0,"2,957",906,37,"1,719",295,557,"1,964",51,69,75,"1,292",1,362,"11,490","3,667",162,163,61,"2,272","12,848","9,492","3,023",0,33,8,12,280,"11,347","5,575","5,772",51.1,48.9,5.6,5.7,5.6,5.7,6.5,13.9,14.7,12.7,5.7,9,8.8,4.2,2,21,81.3,79,76.5,20.3,14.9,49.4,50.6,45,55,87.6,12.4,62.9,20.4,0.4,0,0,0,0,0,0,0.4,0.3,0,0,0,0,0,0,0.2,0.1,0,0.1,0,0,18.7,5.7,0.2,10.9,1.9,3.5,12.4,0.3,0.4,0.5,8.2,0,2.3,72.7,23.2,1,1,0.4,14.4,81.3,60.1,19.1,0,0.2,0.1,0.1,1.8,49.1,50.9,"7,730"
40214,Louisville,KY,Kentucky,"Louisville/Jefferson County, KY-IN",Jefferson County,"45,986","$53,563","22,852","23,134",98.8,"3,428","2,956","2,878","3,314","3,017","7,019","5,464","6,216","2,606","3,088","4,014","1,544",442,35.6,"11,368","35,891","34,618","32,989","7,520","6,000","34,618","17,372","17,246",100.7,"6,000","2,585","3,415",75.7,"40,516","5,470","25,207","10,218",6,0,0,0,0,0,0,6,"3,188",70,34,133,4,158,"1,667","1,122",23,0,17,0,6,"6,582","1,327",181,"2,660","2,414","1,874","5,470","1,377",261,367,"2,975",68,138,"30,447","12,028",591,"3,590",25,"5,035","39,404","23,438","10,159",6,"3,175",23,195,"2,408","29,444","14,547","14,897",49.7,50.3,7.5,6.4,6.3,7.2,6.6,15.3,11.9,13.5,5.7,6.7,8.7,3.4,1,24.7,78,75.3,71.7,16.4,13,50.2,49.8,43.1,56.9,88.1,11.9,54.8,22.2,0,0,0,0,0,0,0,0,6.9,0.2,0.1,0.3,0,0.3,3.6,2.4,0.1,0,0,0,0,14.3,2.9,0.4,5.8,5.2,4.1,11.9,3,0.6,0.8,6.5,0.1,0.3,66.2,26.2,1.3,7.8,0.1,10.9,85.7,51,22.1,0,6.9,0.1,0.4,5.2,49.4,50.6,"20,459"
40215,Louisville,KY,Kentucky,"Louisville/Jefferson County, KY-IN",Jefferson County,"19,444","$42,762","9,852","9,592",102.7,991,"1,647","1,630","1,324",852,"2,840","2,700","2,106","1,763","1,373","1,534",513,171,37.2,"5,162","14,820","14,282","13,767","2,766","2,218","14,282","7,115","7,167",99.3,"2,218",995,"1,223",81.4,"17,371","2,073","10,171","6,447",21,0,0,0,0,0,0,21,383,0,16,3,0,0,127,237,0,0,0,0,0,"1,255",462,9,599,185,349,"2,073",475,84,77,614,420,53,"11,704","7,724",733,549,0,"1,100","18,189","9,848","6,447",7,383,0,99,"1,405","13,313","6,553","6,760",50.7,49.3,5.1,8.5,8.4,6.8,4.4,14.6,13.9,10.8,9.1,7.1,7.9,2.6,0.9,26.5,76.2,73.5,70.8,14.2,11.4,49.8,50.2,44.9,55.1,89.3,10.7,52.3,33.2,0.1,0,0,0,0,0,0,0.1,2,0,0.1,0,0,0,0.7,1.2,0,0,0,0,0,6.5,2.4,0,3.1,1,1.8,10.7,2.4,0.4,0.4,3.2,2.2,0.3,60.2,39.7,3.8,2.8,0,5.7,93.5,50.6,33.2,0,2,0,0.5,7.2,49.2,50.8,"9,070"
40216,Louisville,KY,Kentucky,"Louisville/Jefferson County, KY-IN",Jefferson County,"43,764","$50,211","20,437","23,327",87.6,"2,598","2,593","3,296","2,712","2,676","4,970","5,962","4,714","2,782","3,795","5,431","1,498",737,39.2,"10,245","34,598","33,519","31,993","10,254","7,666","33,519","15,044","18,475",81.4,"7,666","3,349","4,317",77.6,"40,961","2,803","19,844","20,028",17,0,0,0,0,0,0,17,569,0,35,11,0,132,168,223,0,0,0,0,0,"2,814",883,98,"1,362",471,503,"2,803",872,104,10,"1,159",188,144,"22,249","21,524",559,645,34,"1,859","40,950","18,824","19,851",17,569,0,96,"1,593","32,144","14,450","17,694",46.7,53.3,5.9,5.9,7.5,6.2,6.1,11.4,13.6,10.8,6.4,8.7,12.4,3.4,1.7,23.4,79.1,76.6,73.1,23.4,17.5,44.9,55.1,43.7,56.3,93.6,6.4,45.3,45.8,0,0,0,0,0,0,0,0,1.3,0,0.1,0,0,0.3,0.4,0.5,0,0,0,0,0,6.4,2,0.2,3.1,1.1,1.1,6.4,2,0.2,0,2.6,0.4,0.3,50.8,49.2,1.3,1.5,0.1,4.2,93.6,43,45.4,0,1.3,0,0.2,3.6,45,55,"19,257"
40217,Louisville,KY,Kentucky,"Louisville/Jefferson County, KY-IN",Jefferson County,"11,831","$68,573","6,361","5,470",116.3,546,434,261,170,"1,329","3,045","1,658",956,738,758,"1,419",387,130,35.4,"1,366","10,513","10,465","10,046","2,321","1,936","10,465","5,552","4,913",113,"1,936",882,"1,054",83.7,"11,358",473,"9,924",771,10,0,0,7,0,0,0,3,279,52,5,18,0,24,3,177,0,0,0,0,0,397,215,45,0,137,374,473,120,25,86,171,0,0,"10,397",926,79,392,0,601,"11,434","9,754",771,3,279,0,348,279,"9,989","5,279","4,710",53.8,46.2,4.6,3.7,2.2,1.4,11.2,25.7,14,8.1,6.2,6.4,12,3.3,1.1,11.5,88.9,88.5,84.9,19.6,16.4,53.1,46.9,45.6,54.4,96,4,83.9,6.5,0.1,0,0,0.1,0,0,0,0,2.4,0.4,0,0.2,0,0.2,0,1.5,0,0,0,0,0,3.4,1.8,0.4,0,1.2,3.2,4,1,0.2,0.7,1.4,0,0,87.9,7.8,0.7,3.3,0,5.1,96.6,82.4,6.5,0,2.4,0,2.9,2.4,52.8,47.2,"6,840"
40218,Louisville,KY,Kentucky,"Louisville/Jefferson County, KY-IN",Jefferson County,"33,292","$56,191","16,539","16,753",98.7,"2,639","1,767","2,776","2,055","2,247","5,823","4,528","3,775","1,979","1,365","2,646","1,151",541,33.5,"8,433","25,815","24,859","23,738","5,149","4,338","24,859","11,907","12,952",91.9,"4,338","1,788","2,550",70.1,"28,029","5,263","14,865","10,904",2,0,0,0,0,0,0,2,"1,364",349,132,164,31,0,5,683,0,0,0,0,0,"5,596","1,826",401,"2,425",944,894,"5,263",564,73,621,"3,286",170,17,"19,941","12,186",559,"2,051",1,"4,657","27,696","14,027","10,662",2,"1,364",0,183,"1,458","21,678","10,343","11,335",49.7,50.3,7.9,5.3,8.3,6.2,6.7,17.5,13.6,11.3,5.9,4.1,7.9,3.5,1.6,25.3,77.5,74.7,71.3,15.5,13,47.9,52.1,41.2,58.8,84.2,15.8,44.7,32.8,0,0,0,0,0,0,0,0,4.1,1,0.4,0.5,0.1,0,0,2.1,0,0,0,0,0,16.8,5.5,1.2,7.3,2.8,2.7,15.8,1.7,0.2,1.9,9.9,0.5,0.1,59.9,36.6,1.7,6.2,0,14,83.2,42.1,32,0,4.1,0,0.5,4.4,47.7,52.3,"14,697"
40219,Louisville,KY,Kentucky,"Louisville/Jefferson County, KY-IN",Jefferson County,"39,107","$52,271","18,786","20,321",92.4,"2,818","2,872","3,202","2,421","2,022","6,233","4,730","4,791","2,311","2,308","3,103","1,637",659,35,"10,464","29,606","28,643","27,401","6,646","5,399","28,643","13,439","15,204",88.4,"5,399","2,217","3,182",69.7,"32,915","6,192","20,011","10,669",43,0,0,0,0,0,0,43,508,0,22,22,0,18,80,366,14,0,0,0,14,"9,646","3,087",274,"5,516",769,"1,670","6,192",710,93,289,"4,095",22,144,"25,971","11,736",320,"1,344",184,"6,641","29,461","17,274","10,336",43,500,14,35,"1,259","24,093","11,147","12,946",48,52,7.2,7.3,8.2,6.2,5.2,15.9,12.1,12.3,5.9,5.9,7.9,4.2,1.7,26.8,75.7,73.2,70.1,17,13.8,46.9,53.1,41.1,58.9,84.2,15.8,51.2,27.3,0.1,0,0,0,0,0,0,0.1,1.3,0,0.1,0.1,0,0,0.2,0.9,0,0,0,0,0,24.7,7.9,0.7,14.1,2,4.3,15.8,1.8,0.2,0.7,10.5,0.1,0.4,66.4,30,0.8,3.4,0.5,17,75.3,44.2,26.4,0.1,1.3,0,0.1,3.2,46.3,53.7,"16,699"
40220,Louisville,KY,Kentucky,"Louisville/Jefferson County, KY-IN",Jefferson County,"33,893","$73,502","16,067","17,826",90.1,"2,333","2,124","1,324","1,294","1,334","6,666","3,644","3,729","2,020","2,406","3,917","2,101","1,001",39.2,"6,564","27,912","27,329","26,506","8,585","7,019","27,329","12,835","14,494",88.6,"7,019","2,788","4,231",65.9,"31,765","2,128","24,804","4,781",33,0,0,11,0,0,0,22,"1,800",961,167,145,40,249,0,238,23,0,23,0,0,"1,536",212,62,708,554,324,"2,128",427,56,306,"1,023",82,36,"26,709","5,461",219,"2,211",77,"1,391","32,357","24,384","4,781",22,"1,800",23,183,"1,164","25,935","12,218","13,717",47.4,52.6,6.9,6.3,3.9,3.8,3.9,19.7,10.8,11,6,7.1,11.6,6.2,3,19.4,82.4,80.6,78.2,25.3,20.7,47,53,39.7,60.3,93.7,6.3,73.2,14.1,0.1,0,0,0,0,0,0,0.1,5.3,2.8,0.5,0.4,0.1,0.7,0,0.7,0.1,0,0.1,0,0,4.5,0.6,0.2,2.1,1.6,1,6.3,1.3,0.2,0.9,3,0.2,0.1,78.8,16.1,0.6,6.5,0.2,4.1,95.5,71.9,14.1,0.1,5.3,0.1,0.5,3.4,47.1,52.9,"16,019"
40221,Louisville,KY,Kentucky,"Louisville/Jefferson County, KY-IN",Jefferson County,0,,0,0,,0,0,0,0,0,0,0,0,0,0,0,0,0,,0,0,0,0,0,0,0,0,0,,0,0,0,,0,0,0,0,0,0,0,0,0,0,0,0,0,0,0,0,0,0,0,0,0,0,0,0,0,0,0,0,0,0,0,0,0,0,0,0,0,0,0,0,0,0,0,0,0,0,0,0,0,0,0,0,0,0,0,,,,,,,,,,,,,,,,,,,,,,,,,,,,,,,,,,,,,,,,,,,,,,,,,,,,,,,,,,,,,,,,,,,,,,,,,,,,,,,,0
40222,Louisville,KY,Kentucky,"Louisville/Jefferson County, KY-IN",Jefferson County,"21,634","$81,623","10,585","11,049",95.8,"1,101","1,465",918,840,"1,117","3,821","2,763","2,180","1,246","1,515","2,236","1,442",990,40.6,"4,096","17,931","17,538","17,080","5,491","4,668","17,538","8,320","9,218",90.3,"4,668","1,997","2,671",74.8,"20,100","1,534","17,064","1,342",9,0,0,0,0,1,0,8,"1,510","1,002",69,72,0,82,102,183,0,0,0,0,0,823,215,74,196,338,175,"1,534",255,85,344,771,0,15,"18,583","1,653",137,"1,862",7,983,"20,811","16,646","1,342",8,"1,497",0,0,"1,318","16,262","7,736","8,526",48.9,51.1,5.1,6.8,4.2,3.9,5.2,17.7,12.8,10.1,5.8,7,10.3,6.7,4.6,18.9,82.9,81.1,78.9,25.4,21.6,47.4,52.6,42.8,57.2,92.9,7.1,78.9,6.2,0,0,0,0,0,0,0,0,7,4.6,0.3,0.3,0,0.4,0.5,0.8,0,0,0,0,0,3.8,1,0.3,0.9,1.6,0.8,7.1,1.2,0.4,1.6,3.6,0,0.1,85.9,7.6,0.6,8.6,0,4.5,96.2,76.9,6.2,0,6.9,0,0,6.1,47.6,52.4,"10,953"
40223,Louisville,KY,Kentucky,"Louisville/Jefferson County, KY-IN",Jefferson County,"23,264","$97,033","11,483","11,781",97.5,"1,197","1,578","1,724","1,141",785,"2,604","3,572","2,792","1,302","1,542","3,206","1,375",446,42.3,"5,340","18,450","17,924","17,565","6,037","5,027","17,924","8,573","9,351",91.7,"5,027","2,224","2,803",79.3,"22,437",827,"19,612","1,758",43,13,0,4,0,0,0,26,754,495,105,58,10,37,43,6,0,0,0,0,0,930,290,80,159,401,270,827,211,106,131,279,19,2,"20,382","2,020",192,950,19,590,"22,334","19,201","1,752",20,754,0,0,607,"17,180","8,109","9,071",49.4,50.6,5.1,6.8,7.4,4.9,3.4,11.2,15.4,12,5.6,6.6,13.8,5.9,1.9,23,79.3,77,75.5,25.9,21.6,47.8,52.2,44.2,55.8,96.4,3.6,84.3,7.6,0.2,0.1,0,0,0,0,0,0.1,3.2,2.1,0.5,0.2,0,0.2,0.2,0,0,0,0,0,0,4,1.2,0.3,0.7,1.7,1.2,3.6,0.9,0.5,0.6,1.2,0.1,0,87.6,8.7,0.8,4.1,0.1,2.5,96,82.5,7.5,0.1,3.2,0,0,2.6,47.2,52.8,"10,387"
40228,Louisville,KY,Kentucky,"Louisville/Jefferson County, KY-IN",Jefferson County,"18,491","$75,762","9,290","9,201",101,"1,233","1,301","1,276","1,269",725,"2,529","2,158","2,548","1,045","1,297","1,856",882,372,39.5,"4,727","14,274","13,764","13,287","3,917","3,110","13,764","6,611","7,153",92.4,"3,110","1,224","1,886",64.9,"15,901","2,590","12,374","2,984",5,0,0,0,0,0,0,5,221,14,21,145,6,0,0,35,0,0,0,0,0,"1,980",257,48,"1,292",383,317,"2,590",690,126,308,"1,232",0,53,"14,827","3,796",243,688,0,"1,624","16,511","11,985","2,984",5,221,0,21,"1,295","12,905","6,028","6,877",50.2,49.8,6.7,7,6.9,6.9,3.9,13.7,11.7,13.8,5.7,7,10,4.8,2,25.6,77.2,74.4,71.9,21.2,16.8,48,52,39.4,60.6,86,14,66.9,16.1,0,0,0,0,0,0,0,0,1.2,0.1,0.1,0.8,0,0,0,0.2,0,0,0,0,0,10.7,1.4,0.3,7,2.1,1.7,14,3.7,0.7,1.7,6.7,0,0.3,80.2,20.5,1.3,3.7,0,8.8,89.3,64.8,16.1,0,1.2,0,0.1,7,46.7,53.3,"7,629"
40229,Louisville,KY,Kentucky,"Louisville/Jefferson County, KY-IN",Jefferson County,"40,015","$78,877","19,932","20,083",99.2,"2,825","1,897","3,021","2,041","2,240","7,082","5,981","5,610","2,365","1,747","3,677","1,367",162,36.3,"9,349","31,877","30,666","29,677","6,022","5,206","30,666","15,447","15,219",101.5,"5,206","2,355","2,851",82.6,"36,248","3,767","29,204","4,982",0,0,0,0,0,0,0,0,529,128,67,25,40,66,39,164,6,0,0,0,6,"4,732","1,294",286,"2,576",576,"1,527","3,767",688,171,196,"2,084",60,133,"32,736","6,140",600,828,29,"3,842","35,283","28,248","4,767",0,529,6,287,"1,446","28,593","14,385","14,208",49.8,50.2,7.1,4.7,7.5,5.1,5.6,17.7,14.9,14,5.9,4.4,9.2,3.4,0.4,23.4,79.7,76.6,74.2,15,13,50.4,49.6,45.2,54.8,90.6,9.4,73,12.5,0,0,0,0,0,0,0,0,1.3,0.3,0.2,0.1,0.1,0.2,0.1,0.4,0,0,0,0,0,11.8,3.2,0.7,6.4,1.4,3.8,9.4,1.7,0.4,0.5,5.2,0.1,0.3,81.8,15.3,1.5,2.1,0.1,9.6,88.2,70.6,11.9,0,1.3,0,0.7,3.6,50.3,49.7,"15,772"
40231,Louisville,KY,Kentucky,"Louisville/Jefferson County, KY-IN",Jefferson County,0,,0,0,,0,0,0,0,0,0,0,0,0,0,0,0,0,,0,0,0,0,0,0,0,0,0,,0,0,0,,0,0,0,0,0,0,0,0,0,0,0,0,0,0,0,0,0,0,0,0,0,0,0,0,0,0,0,0,0,0,0,0,0,0,0,0,0,0,0,0,0,0,0,0,0,0,0,0,0,0,0,0,0,0,0,,,,,,,,,,,,,,,,,,,,,,,,,,,,,,,,,,,,,,,,,,,,,,,,,,,,,,,,,,,,,,,,,,,,,,,,,,,,,,,,0
40241,Louisville,KY,Kentucky,"Louisville/Jefferson County, KY-IN",Jefferson County,"30,910","$95,775","15,024","15,886",94.6,"2,048","1,817","1,630","1,650","1,414","4,523","3,663","3,142","2,423","1,919","3,785","2,141",755,41.4,"6,557","25,001","24,353","23,536","7,878","6,681","24,353","11,692","12,661",92.3,"6,681","2,810","3,871",72.6,"28,432","2,478","22,694","3,345",10,0,0,3,0,0,0,7,"1,911",849,202,204,18,157,156,325,14,0,14,0,0,"2,068",932,128,162,846,458,"2,478",468,134,317,"1,211",115,47,"24,858","4,133",350,"2,398",32,"1,717","28,842","22,277","3,244",7,"1,911",14,50,"1,339","23,126","11,023","12,103",48.6,51.4,6.6,5.9,5.3,5.3,4.6,14.6,11.9,10.2,7.8,6.2,12.2,6.9,2.4,21.2,80.9,78.8,76.1,25.5,21.6,48,52,42.1,57.9,92,8,73.4,10.8,0,0,0,0,0,0,0,0,6.2,2.7,0.7,0.7,0.1,0.5,0.5,1.1,0,0,0,0,0,6.7,3,0.4,0.5,2.7,1.5,8,1.5,0.4,1,3.9,0.4,0.2,80.4,13.4,1.1,7.8,0.1,5.6,93.3,72.1,10.5,0,6.2,0,0.2,4.3,47.7,52.3,"13,634"
40242,Louisville,KY,Kentucky,"Louisville/Jefferson County, KY-IN",Jefferson County,"11,099","$79,201","5,120","5,979",85.6,979,667,604,603,457,"2,035","1,248","1,184",589,698,"1,263",593,179,36.3,"2,744","8,669","8,355","8,147","2,396","2,035","8,355","3,840","4,515",85,"2,035",768,"1,267",60.6,"10,617",482,"8,205","1,638",5,0,0,0,0,0,0,5,612,46,153,330,0,7,68,8,1,0,0,1,0,356,98,27,10,221,156,482,88,89,83,91,10,19,"8,605","1,849",155,773,28,329,"10,743","7,981","1,627",5,612,1,104,413,"7,812","3,557","4,255",46.1,53.9,8.8,6,5.4,5.4,4.1,18.3,11.2,10.7,5.3,6.3,11.4,5.3,1.6,24.7,78.1,75.3,73.4,21.6,18.3,46,54,37.7,62.3,95.7,4.3,73.9,14.8,0,0,0,0,0,0,0,0,5.5,0.4,1.4,3,0,0.1,0.6,0.1,0,0,0,0,0,3.2,0.9,0.2,0.1,2,1.4,4.3,0.8,0.8,0.7,0.8,0.1,0.2,77.5,16.7,1.4,7,0.3,3,96.8,71.9,14.7,0,5.5,0,0.9,3.7,45.5,54.5,"4,963"
40243,Louisville,KY,Kentucky,"Louisville/Jefferson County, KY-IN",Jefferson County,"12,049","$75,859","5,569","6,480",85.9,411,612,897,513,594,"1,558","1,116","1,441",942,887,"1,396",881,801,47.8,"2,231","9,994","9,818","9,504","3,566","3,078","9,818","4,421","5,397",81.9,"3,078","1,113","1,965",56.6,"11,445",604,"9,731","1,261",26,0,0,0,0,0,0,26,425,235,67,0,17,83,23,0,0,0,0,0,0,300,37,53,74,136,2,604,201,103,42,228,0,0,"10,305","1,462",146,480,13,247,"11,749","9,691","1,260",10,425,0,1,362,"9,714","4,370","5,344",46.2,53.8,3.4,5.1,7.4,4.3,4.9,12.9,9.3,12,7.8,7.4,11.6,7.3,6.6,18.5,82.9,81.5,78.9,29.6,25.5,45,55,36.2,63.8,95,5,80.8,10.5,0.2,0,0,0,0,0,0,0.2,3.5,2,0.6,0,0.1,0.7,0.2,0,0,0,0,0,0,2.5,0.3,0.4,0.6,1.1,0,5,1.7,0.9,0.3,1.9,0,0,85.5,12.1,1.2,4,0.1,2,97.5,80.4,10.5,0.1,3.5,0,0,3,45,55,"6,151"
40245,Louisville,KY,Kentucky,"Louisville/Jefferson County, KY-IN",Jefferson County,"39,261","$120,171","19,173","20,088",95.4,"2,768","1,983","2,493","2,813","2,058","4,368","5,321","5,768","2,794","2,398","4,099","2,067",331,40.8,"8,918","31,468","30,343","28,859","7,995","6,497","30,343","14,543","15,800",92,"6,497","3,082","3,415",90.2,"36,574","2,687","29,483","3,299",12,0,0,0,0,0,0,12,"3,022","1,959",196,75,69,20,126,577,4,0,0,0,4,"2,262",604,169,810,679,754,"2,687",587,174,414,"1,169",0,133,"31,992","4,112",237,"3,573",29,"2,163","36,999","28,963","3,282",12,"2,984",4,280,"1,474","28,522","13,571","14,951",48.8,51.2,7.1,5.1,6.3,7.2,5.2,11.1,13.6,14.7,7.1,6.1,10.4,5.3,0.8,22.7,80.2,77.3,73.5,20.4,16.5,47.9,52.1,47.4,52.6,93.2,6.8,75.1,8.4,0,0,0,0,0,0,0,0,7.7,5,0.5,0.2,0.2,0.1,0.3,1.5,0,0,0,0,0,5.8,1.5,0.4,2.1,1.7,1.9,6.8,1.5,0.4,1.1,3,0,0.3,81.5,10.5,0.6,9.1,0.1,5.5,94.2,73.8,8.4,0,7.6,0,0.7,3.8,47.6,52.4,"15,226"
40258,Louisville,KY,Kentucky,"Louisville/Jefferson County, KY-IN",Jefferson County,"26,590","$66,263","13,180","13,410",98.3,"1,269","1,566","1,744","1,790","1,872","2,897","3,567","3,447","2,296","1,874","2,718",978,572,41.1,"5,854","21,424","20,736","19,967","5,174","4,268","20,736","10,327","10,409",99.2,"4,268","1,804","2,464",73.2,"24,512","2,078","17,861","6,032",0,0,0,0,0,0,0,0,101,0,0,24,0,55,0,22,0,0,0,0,0,"1,427",687,96,319,325,518,"2,078",623,179,167,817,5,143,"19,740","6,881",275,399,80,"1,491","25,163","17,726","5,834",0,101,0,241,"1,261","19,983","9,936","10,047",49.6,50.4,4.8,5.9,6.6,6.7,7,10.9,13.4,13,8.6,7,10.2,3.7,2.2,22,80.6,78,75.1,19.5,16.1,49.8,50.2,42.3,57.7,92.2,7.8,67.2,22.7,0,0,0,0,0,0,0,0,0.4,0,0,0.1,0,0.2,0,0.1,0,0,0,0,0,5.4,2.6,0.4,1.2,1.2,1.9,7.8,2.3,0.7,0.6,3.1,0,0.5,74.2,25.9,1,1.5,0.3,5.6,94.6,66.7,21.9,0,0.4,0,0.9,4.7,49.7,50.3,"11,568"
40272,Louisville,KY,Kentucky,"Louisville/Jefferson County, KY-IN",Jefferson County,"37,595","$66,382","18,269","19,326",94.5,"2,384","2,082","3,007","2,280","2,354","4,460","5,265","4,195","2,302","3,185","3,651","1,620",810,38.8,"8,997","29,575","28,598","27,189","8,123","6,081","28,598","13,483","15,115",89.2,"6,081","2,921","3,160",92.4,"34,368","3,227","29,702","3,492",21,0,6,0,0,0,0,15,136,7,27,20,11,71,0,0,49,30,14,5,0,"3,405","1,058",152,"1,284",911,968,"3,227",809,150,159,"1,799",4,161,"32,764","4,483",212,355,113,"3,004","34,190","29,064","3,435",7,109,49,159,"1,367","27,273","12,815","14,458",48.6,51.4,6.3,5.5,8,6.1,6.3,11.9,14,11.2,6.1,8.5,9.7,4.3,2.2,23.9,78.7,76.1,72.3,21.6,16.2,47.1,52.9,48,52,91.4,8.6,79,9.3,0.1,0,0,0,0,0,0,0,0.4,0,0.1,0.1,0,0.2,0,0,0.1,0.1,0,0,0,9.1,2.8,0.4,3.4,2.4,2.6,8.6,2.2,0.4,0.4,4.8,0,0.4,87.1,11.9,0.6,0.9,0.3,8,90.9,77.3,9.1,0,0.3,0.1,0.4,3.6,47,53,"15,469"
40280,Louisville,KY,Kentucky,"Louisville/Jefferson County, KY-IN",Jefferson County,193,,126,67,188.1,0,0,0,115,78,0,0,0,0,0,0,0,0,19.7,0,193,193,32,0,0,193,126,67,188.1,0,0,0,,182,11,134,48,0,0,0,0,0,0,0,0,0,0,0,0,0,0,0,0,0,0,0,0,0,10,7,0,0,3,0,11,4,0,0,0,0,0,145,59,0,7,0,7,183,124,48,0,0,0,0,11,181,114,67,65.3,34.7,0,0,0,59.6,40.4,0,0,0,0,0,0,0,0,0,100,100,16.6,0,0,65.3,34.7,,,94.3,5.7,69.4,24.9,0,0,0,0,0,0,0,0,0,0,0,0,0,0,0,0,0,0,0,0,0,5.2,3.6,0,0,1.6,0,5.7,2.1,0,0,0,0,0,75.1,30.6,0,3.6,0,3.6,94.8,64.2,24.9,0,0,0,0,5.7,63,37,5
40291,Louisville,KY,Kentucky,"Louisville/Jefferson County, KY-IN",Jefferson County,"41,506","$81,576","19,359","22,147",87.4,"3,569","2,379","2,638","2,250","2,382","5,390","5,179","5,086","2,727","2,668","4,301","2,402",535,39.2,"9,992","32,381","31,514","30,026","8,857","7,238","31,514","14,784","16,730",88.4,"7,238","3,192","4,046",78.9,"38,344","3,162","28,688","7,971",1,0,0,0,0,0,0,1,"1,245",63,102,249,9,1,191,630,20,0,0,0,20,"3,158","1,868",381,330,579,419,"3,162",536,143,488,"1,605",108,116,"31,604","8,869",285,"1,801",63,"2,223","38,348","27,525","7,913",1,"1,245",20,103,"1,541","30,148","14,033","16,115",46.6,53.4,8.6,5.7,6.4,5.4,5.7,13,12.5,12.3,6.6,6.4,10.4,5.8,1.3,24.1,78,75.9,72.3,21.3,17.4,46.9,53.1,44.1,55.9,92.4,7.6,69.1,19.2,0,0,0,0,0,0,0,0,3,0.2,0.2,0.6,0,0,0.5,1.5,0,0,0,0,0,7.6,4.5,0.9,0.8,1.4,1,7.6,1.3,0.3,1.2,3.9,0.3,0.3,76.1,21.4,0.7,4.3,0.2,5.4,92.4,66.3,19.1,0,3,0,0.2,3.7,46.5,53.5,"16,894"
40299,Louisville,KY,Kentucky,"Louisville/Jefferson County, KY-IN",Jefferson County,"41,724","$85,419","19,824","21,900",90.5,"2,437","2,521","3,302","2,289","1,896","5,467","6,135","4,536","2,181","3,334","4,542","2,297",787,39.7,"9,880","33,034","31,844","30,706","9,683","7,626","31,844","15,240","16,604",91.8,"7,626","3,400","4,226",80.5,"39,384","2,340","33,483","4,730",14,0,0,0,0,0,0,14,739,246,216,83,43,13,5,133,0,0,0,0,0,"1,979",794,348,147,690,418,"2,340",418,92,507,"1,115",27,0,"35,765","5,336",283,"1,282",0,"1,655","39,745","33,148","4,613",14,739,0,57,"1,174","30,817","14,649","16,168",47.5,52.5,5.8,6,7.9,5.5,4.5,13.1,14.7,10.9,5.2,8,10.9,5.5,1.9,23.7,79.2,76.3,73.6,23.2,18.3,47.9,52.1,44.6,55.4,94.4,5.6,80.2,11.3,0,0,0,0,0,0,0,0,1.8,0.6,0.5,0.2,0.1,0,0,0.3,0,0,0,0,0,4.7,1.9,0.8,0.4,1.7,1,5.6,1,0.2,1.2,2.7,0.1,0,85.7,12.8,0.7,3.1,0,4,95.3,79.4,11.1,0,1.8,0,0.1,2.8,47.5,52.5,"17,567"